{"stats":{"minecraft:mined":{"minecraft:grass":1},"minecraft:custom":{"minecraft:jump":155,"minecraft:time_since_rest":16921,"minecraft:crouch_one_cm":300,"minecraft:walk_on_water_one_cm":978,"minecraft:sprint_one_cm":906,"minecraft:play_time":16921,"minecraft:damage_taken":10,"minecraft:time_since_death":16921,"minecraft:walk_one_cm":45377,"minecraft:sneak_time":29,"minecraft:climb_one_cm":1732,"minecraft:total_world_time":16921,"minecraft:fall_one_cm":1380,"minecraft:fly_one_cm":1984},"minecraft:used":{"unusualfishmod:wizard_bucket":6,"decocraft:cat_tree":1,"decocraft:medieval_high_canopy_bed_king_light_blue":3,"decocraft:neon_lamp_wall_dog_and_cat":29},"minecraft:picked_up":{"unusualfishmod:mana_jelly":1}},"DataVersion":2975}